{
    "avg_accuracy": 63.76022153193933,
    "avg_forgetting": 45.07584394030444,
    "matrix": [
        [
            99.90543735224587,
            49.16748285994123,
            52.66808964781217,
            69.18429003021149,
            32.17347453353505
        ],
        [
            75.0354609929078,
            99.80411361410383,
            72.14514407684098,
            76.68680765357503,
            61.27080181543116
        ],
        [
            7.5177304964539005,
            90.05876591576886,
            100.0,
            15.256797583081571,
            17.34745335350479
        ],
        [
            63.87706855791962,
            72.77179236043095,
            57.52401280683031,
            99.9496475327291,
            67.523953605648
        ],
        [
            40.283687943262414,
            65.18119490695396,
            19.53041622198506,
            94.36052366565961,
            99.44528492183561
        ]
    ]
}