{
    "avg_accuracy": 97.9224638620826,
    "avg_forgetting": 2.2241322824579655,
    "matrix": [
        [
            99.8581560283688,
            46.571988246816844,
            50.32017075773746,
            73.76636455186303,
            34.997478567826526
        ],
        [
            99.81087470449172,
            99.60822722820764,
            65.10138740661687,
            73.96777442094663,
            54.059505799294
        ],
        [
            98.86524822695036,
            99.21645445641528,
            100.0,
            41.289023162134946,
            26.525466464952093
        ],
        [
            98.91252955082743,
            96.71890303623898,
            98.55923159018143,
            99.59718026183283,
            62.632375189107414
        ],
        [
            99.05437352245863,
            98.72673849167482,
            94.4503735325507,
            97.93554884189325,
            99.44528492183561
        ]
    ],
    "buffer_size": 200
}