{
    "avg_accuracy": 74.06250038071951,
    "avg_forgetting": 32.186213136459244,
    "matrix": [
        [
            99.8581560283688,
            46.42507345739471,
            51.92102454642476,
            70.94662638469285,
            34.24104891578416
        ],
        [
            70.26004728132388,
            99.80411361410383,
            72.62540021344716,
            73.71601208459215,
            62.783661119515884
        ],
        [
            13.995271867612294,
            95.0048971596474,
            100.0,
            27.089627391742194,
            21.482602118003026
        ],
        [
            74.60992907801419,
            92.85014691478942,
            68.89007470651013,
            99.8489425981873,
            62.38023197175996
        ],
        [
            44.86997635933806,
            93.73163565132224,
            38.207043756670224,
            93.95770392749245,
            99.54614220877458
        ]
    ],
    "lambda": 10000
}